{
	"class_name" : "PinholeCameraParameters",
	"extrinsic" : 
	[
		-0.44084742810677663,
		0.55249061145897227,
		0.70739498823594404,
		0.0,
		0.88378868750745421,
		0.12955169954419699,
		0.44959305263656119,
		0.0,
		0.15675171758386583,
		0.82338962915189862,
		-0.54539748591243697,
		0.0,
		0.50112840209198595,
		-2.7195028954222633,
		9.2926484674617367,
		1.0
	],
	"intrinsic" : 
	{
		"height" : 1016,
		"intrinsic_matrix" : 
		[
			879.88181024498977,
			0.0,
			0.0,
			0.0,
			879.88181024498977,
			0.0,
			924.5,
			507.5,
			1.0
		],
		"width" : 1850
	},
	"version_major" : 1,
	"version_minor" : 0
}