{
	"class_name" : "PinholeCameraParameters",
	"extrinsic" : 
	[
		0.97115359627128417,
		-0.16437298730506406,
		-0.17274898984874296,
		0.0,
		0.082352715533340212,
		0.91107448506470512,
		-0.40393231228556997,
		0.0,
		0.22378275781131263,
		0.37805396930662122,
		0.89832982450649601,
		0.0,
		0.056019284635274391,
		-0.42445246495069333,
		1.5503366767215008,
		1.0
	],
	"intrinsic" : 
	{
		"height" : 1016,
		"intrinsic_matrix" : 
		[
			879.88181024498977,
			0.0,
			0.0,
			0.0,
			879.88181024498977,
			0.0,
			924.5,
			507.5,
			1.0
		],
		"width" : 1850
	},
	"version_major" : 1,
	"version_minor" : 0
}